{"stats":{"minecraft:crafted":{"minecraft:crafting_table":1,"minecraft:stick":12,"minecraft:spruce_planks":24,"minecraft:wooden_pickaxe":1,"minecraft:stone_pickaxe":2,"minecraft:stone_sword":1,"minecraft:stone_axe":2},"minecraft:used":{"minecraft:stone_sword":18,"minecraft:stone_pickaxe":138,"minecraft:wooden_pickaxe":19,"minecraft:stone_axe":1,"minecraft:crafting_table":3},"minecraft:custom":{"minecraft:time_since_rest":11954,"minecraft:sprint_one_cm":14420,"minecraft:damage_taken":30,"minecraft:walk_one_cm":29731,"minecraft:mob_kills":11,"minecraft:drop":4,"minecraft:damage_dealt":780,"minecraft:interact_with_crafting_table":4,"minecraft:fly_one_cm":33268,"minecraft:crouch_one_cm":1515,"minecraft:play_time":11954,"minecraft:sneak_time":494,"minecraft:jump":195,"minecraft:time_since_death":11954,"minecraft:total_world_time":11954,"minecraft:fall_one_cm":7984},"minecraft:broken":{"minecraft:stone_pickaxe":1},"minecraft:dropped":{"minecraft:feather":4,"minecraft:wooden_pickaxe":1},"minecraft:killed":{"minecraft:sheep":4,"minecraft:chicken":4,"minecraft:cow":3},"minecraft:picked_up":{"minecraft:crafting_table":3,"minecraft:feather":4,"minecraft:chicken":4,"minecraft:leather":3,"minecraft:spruce_log":6,"minecraft:dirt":1,"minecraft:beef":7,"minecraft:mutton":5,"minecraft:coal":69,"minecraft:white_wool":4,"minecraft:cobblestone":85},"minecraft:mined":{"minecraft:spruce_log":6,"minecraft:crafting_table":3,"minecraft:short_grass":8,"minecraft:coal_ore":71,"minecraft:dirt":1,"minecraft:stone":86}},"DataVersion":3955}