{"stats":{"minecraft:broken":{"minecraft:stone_pickaxe":1,"minecraft:iron_shovel":2,"minecraft:stone_axe":3,"minecraft:wooden_axe":2,"minecraft:stone_shovel":17},"minecraft:picked_up":{"minecraft:birch_log":209,"minecraft:crafting_table":2,"minecraft:feather":8,"minecraft:chicken":5,"minecraft:birch_planks":55,"minecraft:oak_log":215,"minecraft:dirt":2478,"minecraft:apple":14,"minecraft:wheat_seeds":1,"minecraft:sugar_cane":4,"minecraft:birch_sapling":84,"minecraft:stick":128,"minecraft:raw_iron":4,"minecraft:sand":304,"minecraft:birch_stairs":1,"quark:cobblestone_bricks_wall":12,"quark:cobblestone_bricks":40,"minecraft:rotten_flesh":1,"minecraft:oak_sapling":108,"minecraft:coal":4,"minecraft:cobblestone":215},"minecraft:killed":{"minecraft:zombie":4,"minecraft:chicken":5},"minecraft:crafted":{"minecraft:stone_shovel":17,"quark:birch_chest":1,"minecraft:crafting_table":1,"minecraft:wooden_pickaxe":1,"minecraft:cooked_chicken":5,"quark:cobblestone_bricks_wall":12,"minecraft:furnace":1,"minecraft:birch_planks":512,"minecraft:stone_axe":5,"minecraft:air":0,"quark:cobblestone_bricks":104,"minecraft:stick":4,"minecraft:iron_ingot":2,"minecraft:stone_pickaxe":2,"minecraft:wooden_axe":2,"minecraft:iron_shovel":2,"minecraft:birch_stairs":80},"minecraft:used":{"quark:birch_chest":1,"minecraft:iron_shovel":500,"minecraft:birch_planks":136,"quark:cobblestone_bricks":81,"minecraft:stone_shovel":2232,"minecraft:stone_pickaxe":228,"minecraft:wooden_pickaxe":46,"minecraft:stone":1,"minecraft:cooked_chicken":5,"minecraft:dirt":2400,"minecraft:crafting_table":3,"minecraft:wooden_axe":136,"quark:cobblestone_bricks_wall":12,"minecraft:apple":6,"minecraft:stone_axe":432,"minecraft:furnace":1,"minecraft:birch_stairs":49},"minecraft:mined":{"minecraft:birch_stairs":1,"minecraft:crafting_table":2,"quark:cobblestone_bricks":41,"minecraft:grass_block":1043,"quark:cobblestone_bricks_wall":12,"minecraft:birch_planks":55,"minecraft:birch_log":210,"minecraft:iron_ore":2,"minecraft:grass":14,"minecraft:oak_log":221,"minecraft:coal_ore":4,"minecraft:sand":306,"minecraft:dirt":1440,"minecraft:stone":215,"minecraft:oak_leaves":3},"minecraft:dropped":{"minecraft:raw_iron":2,"minecraft:feather":8,"minecraft:rotten_flesh":1},"minecraft:custom":{"minecraft:interact_with_furnace":4,"minecraft:mob_kills":9,"minecraft:interact_with_crafting_table":16,"minecraft:leave_game":1,"minecraft:time_since_death":113809,"minecraft:time_since_rest":113809,"minecraft:sprint_one_cm":133038,"minecraft:damage_taken":250,"minecraft:walk_one_cm":649231,"minecraft:drop":3,"minecraft:damage_dealt":1011,"minecraft:swim_one_cm":412,"minecraft:fly_one_cm":198095,"minecraft:open_chest":9,"minecraft:crouch_one_cm":13596,"minecraft:play_time":113809,"minecraft:sneak_time":2389,"minecraft:walk_under_water_one_cm":7230,"minecraft:jump":1284,"minecraft:walk_on_water_one_cm":2862,"minecraft:total_world_time":113809,"minecraft:fall_one_cm":28936}},"DataVersion":3465}