{"stats":{"minecraft:picked_up":{"minecraft:birch_log":209,"minecraft:crafting_table":3,"minecraft:feather":8,"minecraft:chicken":5,"minecraft:andesite":11,"minecraft:birch_planks":97,"minecraft:oak_log":219,"minecraft:dirt":3685,"minecraft:apple":14,"minecraft:wheat_seeds":2,"minecraft:sugar_cane":4,"minecraft:birch_sapling":84,"minecraft:phantom_membrane":2,"minecraft:stick":128,"minecraft:raw_iron":4,"minecraft:sand":305,"minecraft:birch_stairs":1,"quark:cobblestone_bricks_wall":12,"quark:cobblestone_bricks":40,"minecraft:arrow":1,"minecraft:rotten_flesh":5,"minecraft:oak_sapling":110,"minecraft:coal":5,"minecraft:cobblestone":616},"minecraft:killed":{"minecraft:phantom":2,"minecraft:skeleton":1,"minecraft:zombie":8,"alexsmobs:terrapin":1,"minecraft:chicken":5,"minecraft:turtle":1},"minecraft:used":{"quark:birch_chest":4,"minecraft:stone_sword":34,"minecraft:iron_shovel":500,"minecraft:birch_planks":138,"quark:cobblestone_bricks":81,"minecraft:stone_shovel":3439,"minecraft:stone_pickaxe":641,"minecraft:wooden_pickaxe":46,"minecraft:stone":1,"minecraft:cooked_chicken":5,"minecraft:sand":1,"minecraft:dirt":2438,"minecraft:crafting_table":4,"minecraft:wooden_axe":136,"quark:cobblestone_bricks_wall":12,"minecraft:apple":14,"minecraft:stone_axe":480,"minecraft:furnace":1,"minecraft:birch_stairs":49},"minecraft:broken":{"minecraft:stone_pickaxe":4,"minecraft:iron_shovel":2,"minecraft:stone_axe":3,"minecraft:wooden_axe":2,"minecraft:stone_shovel":26},"minecraft:mined":{"minecraft:birch_stairs":1,"minecraft:crafting_table":3,"quark:cobblestone_bricks":41,"minecraft:grass_block":1556,"quark:cobblestone_bricks_wall":12,"minecraft:birch_planks":97,"minecraft:birch_log":210,"minecraft:iron_ore":2,"minecraft:andesite":11,"minecraft:grass":14,"minecraft:oak_log":225,"minecraft:coal_ore":5,"minecraft:dirt_path":5,"minecraft:sand":307,"minecraft:dirt":2129,"minecraft:stone":616,"minecraft:oak_leaves":3},"minecraft:crafted":{"minecraft:stone_shovel":27,"quark:birch_chest":4,"minecraft:crafting_table":1,"minecraft:wooden_pickaxe":1,"minecraft:cooked_chicken":5,"quark:cobblestone_bricks_wall":12,"minecraft:furnace":1,"minecraft:birch_planks":512,"minecraft:stone_axe":5,"minecraft:air":0,"quark:cobblestone_bricks":104,"minecraft:stick":4,"minecraft:iron_ingot":2,"minecraft:stone_pickaxe":6,"minecraft:wooden_axe":2,"minecraft:stone_sword":1,"minecraft:iron_shovel":2,"minecraft:birch_stairs":80},"minecraft:dropped":{"minecraft:wheat_seeds":1,"minecraft:raw_iron":2,"minecraft:feather":8,"minecraft:rotten_flesh":1},"minecraft:custom":{"minecraft:interact_with_furnace":5,"minecraft:mob_kills":18,"minecraft:interact_with_crafting_table":33,"minecraft:leave_game":2,"minecraft:time_since_death":171327,"minecraft:time_since_rest":171327,"minecraft:sprint_one_cm":194122,"minecraft:damage_taken":355,"minecraft:walk_one_cm":916646,"minecraft:drop":4,"minecraft:damage_dealt":2801,"minecraft:swim_one_cm":14971,"minecraft:fly_one_cm":298300,"minecraft:open_chest":24,"minecraft:crouch_one_cm":25262,"minecraft:play_time":171327,"minecraft:sneak_time":4160,"minecraft:walk_under_water_one_cm":9013,"minecraft:jump":1787,"minecraft:walk_on_water_one_cm":4256,"minecraft:total_world_time":171327,"minecraft:fall_one_cm":37690}},"DataVersion":3465}