{
  "farmersdelight:main/root": {
    "criteria": {
      "seeds": "2024-09-19 14:02:51 +0000"
    },
    "done": true
  },
  "minecraft:adventure/adventuring_time": {
    "criteria": {
      "minecraft:birch_forest": "2024-09-19 14:02:51 +0000",
      "minecraft:beach": "2024-09-19 14:05:33 +0000",
      "minecraft:river": "2024-09-19 15:13:07 +0000",
      "minecraft:forest": "2024-09-19 14:03:02 +0000"
    },
    "done": false
  },
  "minecraft:story/root": {
    "criteria": {
      "crafting_table": "2024-09-19 14:04:21 +0000"
    },
    "done": true
  },
  "minecraft:adventure/root": {
    "criteria": {
      "killed_something": "2024-09-19 14:06:08 +0000"
    },
    "done": true
  },
  "minecraft:story/mine_stone": {
    "criteria": {
      "get_stone": "2024-09-19 14:07:04 +0000"
    },
    "done": true
  },
  "minecraft:husbandry/balanced_diet": {
    "criteria": {
      "apple": "2024-09-19 14:10:00 +0000",
      "cooked_chicken": "2024-09-19 14:14:28 +0000"
    },
    "done": false
  },
  "minecraft:husbandry/root": {
    "criteria": {
      "consumed_item": "2024-09-19 14:10:00 +0000"
    },
    "done": true
  },
  "minecraft:story/upgrade_tools": {
    "criteria": {
      "stone_pickaxe": "2024-09-19 14:18:37 +0000"
    },
    "done": true
  },
  "minecraft:adventure/kill_all_mobs": {
    "criteria": {
      "minecraft:zombie": "2024-09-19 14:26:16 +0000"
    },
    "done": false
  },
  "minecraft:adventure/kill_a_mob": {
    "criteria": {
      "minecraft:zombie": "2024-09-19 14:26:16 +0000"
    },
    "done": true
  },
  "minecraft:story/smelt_iron": {
    "criteria": {
      "iron": "2024-09-19 14:41:00 +0000"
    },
    "done": true
  },
  "DataVersion": 3465
}